id,rezervirana_soba,pricetek_bivanja,stevilo_nocitev,vkljucuje,geslo
1,335,16.04.2022,1,1,fEZLe9
2,88,03.04.2022,8,2,ga7m2hGOdq9
3,150,17.04.2022,9,3,8IGqknsfIn9f
4,53,25.04.2022,2,7,LKignbjl9FHJ
5,314,22.04.2022,6,7,HCwCrDinbIH
6,270,28.04.2022,10,5,nlfeSzh
7,461,10.04.2022,10,1,kwrCpKU
8,151,09.04.2022,1,7,8ePBOwV
9,248,13.04.2022,7,3,ZBIP8r2q5kv
10,290,13.04.2022,3,2,tEcltGe9XGZ8
11,226,06.04.2022,7,1,X94t0b
12,444,23.04.2022,3,5,Vmo66Tspsp
13,491,05.04.2022,8,5,eP9jD67cvOrb
14,315,10.04.2022,3,6,82XRao
15,455,26.04.2022,3,2,EXbc23O
16,65,09.04.2022,2,5,OtekSw53BP
17,370,21.04.2022,10,1,FI5QkLUrMM9d
18,215,09.04.2022,4,1,LTKJx4w7PlFB
19,156,05.04.2022,8,4,f0UQMb
20,428,29.04.2022,5,5,yK84FkdzJK
21,254,17.04.2022,6,4,Q7ZqdjDs
22,458,26.04.2022,8,3,bK8iNx
23,300,26.04.2022,5,1,L4Y0BgW5M3
24,363,19.04.2022,5,5,QVqpDkc0
25,89,02.04.2022,2,7,s46zQfnNYX
26,434,17.04.2022,6,4,0ZaBfV
27,99,19.04.2022,2,7,ySwCv6SPvrdK
28,204,03.04.2022,6,2,xGZZxGl
29,481,25.04.2022,6,4,vUowpQtJhNyf
30,234,23.04.2022,9,2,Z9SYJ3IEZmK
31,177,26.04.2022,10,4,XHEpYJ
32,105,02.04.2022,9,6,qZ9LLBi9IgP
33,22,01.04.2022,9,6,QQNoVUdVWd
34,445,26.04.2022,10,7,FhjTxNbgYvPa
35,232,06.04.2022,2,2,bBU2wv88
36,317,02.04.2022,9,5,WZq7ck
37,471,25.04.2022,8,7,CHfMXOEjP9E
38,115,15.04.2022,5,5,msHEBGl22
39,111,08.04.2022,9,3,PwZlE0
40,54,11.04.2022,7,5,woV4SRfpY
41,304,10.04.2022,1,7,s8depBHqT
42,17,27.04.2022,5,1,e40m5ImzgJ
43,490,16.04.2022,9,6,oO7pfDQVoSM
44,37,18.04.2022,1,2,BDTDfxnA
45,384,09.04.2022,4,5,rmfOqiIQa2o
46,200,28.04.2022,8,1,a9XkyzbT
47,269,28.04.2022,9,4,uQlql2wpjo14
48,180,06.04.2022,3,5,QwSQPeCcQ8
49,301,15.04.2022,9,2,pSRF5uurj
50,226,28.04.2022,6,4,uytids
51,473,19.04.2022,10,7,2YPD65thydw
52,318,10.04.2022,4,5,Hf6RmOjt3b7w
53,474,09.04.2022,2,3,93kUosUO
54,89,29.04.2022,7,2,jMvCDZL
55,166,29.04.2022,10,6,FIXKlND
56,169,19.04.2022,7,1,LeHlWCqR
57,332,07.04.2022,7,7,Khv3vKVq3G
58,167,05.04.2022,3,7,tZ5LjX9sDmj
59,238,02.04.2022,4,1,ZdH2cab0
60,374,24.04.2022,9,1,IWGAV2K5qPt3
61,485,03.04.2022,4,3,5JD2Pfi67h4
62,158,08.04.2022,7,6,NpvYmDnN9n
63,409,24.04.2022,6,2,IUvhdfxcc
64,289,21.04.2022,9,7,GBRSADLkc8B
65,44,29.04.2022,4,6,mUw6zP
66,265,09.04.2022,3,2,hs43IGhN2ZtY
67,266,23.04.2022,9,4,QqrRSN
68,171,22.04.2022,3,4,jKfX6pfHd
69,42,08.04.2022,5,1,GMDSTcusIm
70,408,09.04.2022,6,4,L2zUkw9I1O
71,206,09.04.2022,9,4,hBz2M24ULq
72,130,21.04.2022,4,6,piZo5C
73,259,05.04.2022,10,4,xJk0znp
74,172,19.04.2022,2,6,SmmiScct3I
75,355,24.04.2022,10,6,sg8uGHm
76,103,10.04.2022,4,7,u4s0QKXHY
77,283,14.04.2022,2,4,Bd14u3G
78,327,12.04.2022,9,7,EYNN564S0V
79,265,05.04.2022,5,2,S7XH8uWkJS
80,21,05.04.2022,1,1,4VHjbOrhylbY
81,134,17.04.2022,5,4,kbyReUwNW
82,433,07.04.2022,6,4,xUogqhTGY7om
83,248,16.04.2022,9,1,cAoiDiZ
84,371,29.04.2022,9,5,i2IJHKkyb
85,473,15.04.2022,9,5,ABkoh0VxPdj
86,178,06.04.2022,6,2,nSC7Kmv
87,306,27.04.2022,4,1,hsOCSBoyUcQj
88,168,09.04.2022,4,1,X1FYEhl7Cxbh
89,147,12.04.2022,3,6,ZLtXkwGShh5
90,45,06.04.2022,9,4,mIxWVjPjLUK
91,467,24.04.2022,8,3,nWV658pFDi
92,186,17.04.2022,4,7,Rkzpco9f8vv
93,194,23.04.2022,7,7,lNvc1ob0Mhb
94,286,15.04.2022,4,2,tpSno84M7cHg
95,482,02.04.2022,5,1,pLxQTtjlT8U
96,259,22.04.2022,10,3,ZwHBz3lUkx
97,257,01.04.2022,10,4,zMeK6q71
98,344,18.04.2022,8,4,oN7teJX
99,117,25.04.2022,4,5,JPbfC7
100,353,03.04.2022,2,7,1YtFgW4INC
101,478,10.04.2022,6,3,xnyWiLfBMiW
102,269,19.04.2022,8,2,Ga7MdazY
103,202,20.04.2022,5,4,o21daf8tu
104,238,02.04.2022,10,5,A2AcbTt27
105,352,17.04.2022,8,4,8GRDbMgchmGM
106,471,08.04.2022,4,4,2UGayKXLm8Q3
107,122,21.04.2022,6,6,4MdkQikW
108,42,21.04.2022,3,4,XvwFQXPLadn
109,51,21.04.2022,4,2,SikB89admVuX
110,448,15.04.2022,7,2,UM5bal
111,138,10.04.2022,7,3,FEQdlYcn4I1
112,35,13.04.2022,4,1,0QKZnbSY
113,334,20.04.2022,10,1,mJUyc6CNMun
114,192,15.04.2022,4,4,CI58l1cE447
115,491,16.04.2022,1,2,zT1b2yIUR72
116,82,03.04.2022,8,1,0A3G7kqL
117,378,25.04.2022,2,1,sibhuXKRq6
118,431,02.04.2022,10,7,QivojZi
119,195,19.04.2022,6,3,APehXWG
120,192,21.04.2022,1,4,ONBxVJK
121,94,26.04.2022,3,2,XZZUDPtcw
122,8,24.04.2022,4,5,dABXhzQePtT
123,40,01.04.2022,9,5,w9z9fHOj3Z
124,233,13.04.2022,8,5,S8RZpI
125,424,17.04.2022,7,2,1GIBYNs4T
126,109,13.04.2022,8,2,IgKqMuMSuDo
127,176,07.04.2022,10,3,XI2LLIJuk
128,241,25.04.2022,9,6,OMF1tuzSPn
129,61,08.04.2022,3,4,KhC7SC00qm
130,293,10.04.2022,5,1,A6VGvJqJL
131,140,15.04.2022,4,2,410kWu
132,398,18.04.2022,1,2,RfcDAAEFLvG0
133,395,29.04.2022,6,7,SsaR4jLKSRSm
134,444,23.04.2022,8,6,yZIko2ZYAL
135,207,26.04.2022,1,6,cz1s8Sco9
136,299,25.04.2022,9,4,XqcAoc
137,414,28.04.2022,2,4,t00bUeC9I
138,351,09.04.2022,7,4,2T6IK60qjR8D
139,297,08.04.2022,10,6,TXMBnXsbC6n2
140,93,25.04.2022,1,3,AmkyLlm0zyEO
141,43,19.04.2022,5,2,u1u4LMzce8xv
142,187,23.04.2022,3,3,hj5AJQ3atUA
143,154,26.04.2022,5,6,X48da7Y54YWA
144,436,06.04.2022,6,7,AMILvqE
145,209,13.04.2022,5,2,3L807b3
146,286,29.04.2022,2,4,GMnhrYB6sP2K
147,152,05.04.2022,9,5,oUYxv7NQX
148,76,24.04.2022,10,2,T02imYo6
149,269,24.04.2022,8,3,BmOGSgBrl3
150,187,13.04.2022,8,1,NssH8M9
151,89,15.04.2022,7,6,uwVvGebkX
152,87,02.04.2022,9,5,CBMSPypE
153,287,15.04.2022,9,7,Rqo2OFt5Cs
154,469,18.04.2022,2,7,PWol5CHC
155,438,20.04.2022,8,5,AvpA5qguuTl
156,430,08.04.2022,9,4,NmbACPt3AVPb
157,183,09.04.2022,3,1,nSXRAE8
158,408,11.04.2022,5,7,qkMrbRi
159,294,15.04.2022,3,4,HaQxMRM0c
160,99,06.04.2022,4,3,ujt6REyP
161,249,20.04.2022,9,5,uajRkMj7u
162,500,15.04.2022,7,6,xHMhcf
163,465,21.04.2022,3,4,4kjxhKMO
164,279,11.04.2022,5,1,8MED8TDd
165,457,14.04.2022,6,4,EmXmDFP
166,170,10.04.2022,8,1,HLzU71
167,204,20.04.2022,8,3,ncFqrE2D8NIF
168,260,22.04.2022,9,5,vtPAQhiy
169,5,09.04.2022,4,7,RgdvNQeUeNlu
170,8,02.04.2022,1,3,4c5cbI
171,120,03.04.2022,8,7,2PpjraYq
172,87,01.04.2022,3,7,kYjogKcWhB9
173,232,28.04.2022,5,1,PWDot4D
174,436,07.04.2022,3,5,8KpcKBXQlloV
175,223,20.04.2022,1,5,1vuoFp6
176,221,08.04.2022,3,6,l40Vulda86
177,384,09.04.2022,8,2,P8sx0Xje9Esu
178,52,01.04.2022,4,4,IDP5VDTzsNP
179,332,27.04.2022,2,6,b3c7P0wDjb
180,14,21.04.2022,2,5,465JkJPN
181,375,02.04.2022,5,6,PvOPLQqG6jl
182,62,27.04.2022,9,7,dnef0UlASR
183,54,24.04.2022,2,3,6m9ZJag
184,204,28.04.2022,2,7,9nqbcn0PUOf
185,19,02.04.2022,3,6,faR8pCiT0CE
186,106,04.04.2022,5,5,1qc1BQ
187,460,16.04.2022,9,5,V4NjfLV
188,266,11.04.2022,2,2,BVrAA0yt2BXZ
189,167,28.04.2022,5,4,8MV5flErO
190,71,20.04.2022,5,2,guuf80n
191,1,19.04.2022,3,7,1AZwuzGPK
192,299,25.04.2022,9,6,wptPHghBRu87
193,115,17.04.2022,10,4,nnyvWX6IU
194,435,19.04.2022,8,4,geldmEQ
195,288,25.04.2022,8,7,5xiytn3y2Wx
196,168,12.04.2022,3,7,WyHVe9NpKRvK
197,134,08.04.2022,5,5,ozYZBMWHgP
198,140,08.04.2022,2,2,pbBa5D0sWWX
199,82,24.04.2022,7,3,MJUbnXFKaxe1
200,233,14.04.2022,5,1,eZK0r4Vr
201,137,09.04.2022,1,4,RKIY4SxnBj
202,345,28.04.2022,7,4,RF76d8T
203,49,09.04.2022,1,1,ULgH5Bk
204,211,14.04.2022,9,2,FiTusAOuqUE
205,19,07.04.2022,10,4,dkwiZb8ARgK
206,116,15.04.2022,3,4,cnntBfnrtu
207,489,09.04.2022,10,5,w3XbPuKX
208,114,05.04.2022,9,2,tuZRRFARFEn
209,216,02.04.2022,7,6,A2zRyb
210,124,24.04.2022,4,4,25iH0YHB8DfC
211,400,24.04.2022,3,5,41HbDAgaQ
212,430,03.04.2022,9,4,SNIPBJRgV
213,315,17.04.2022,3,4,8Om5MEh7
214,352,04.04.2022,4,1,Ma4VYA
215,16,15.04.2022,6,2,9os5uL2M
216,154,01.04.2022,6,7,xuH9BAO
217,183,04.04.2022,2,6,Pt4oJcQDeD2
218,395,03.04.2022,3,7,UwqvfYaMO
219,442,10.04.2022,5,1,vn1ncILfUwD
220,346,03.04.2022,5,3,YA17Y6A78Ac7
221,359,02.04.2022,1,4,CqTtTStPRFx
222,52,26.04.2022,7,4,pIuWWs
223,102,10.04.2022,9,6,cgb0TRT
224,124,18.04.2022,6,4,AzUJKfi5Yyg
225,359,18.04.2022,5,7,vxfJUcBCQN
226,444,22.04.2022,3,7,Yof9xTe5
227,279,25.04.2022,6,5,fwuvEdM
228,373,25.04.2022,5,2,niYsTaEHm
229,357,16.04.2022,3,2,evg9i7XiqNA
230,29,25.04.2022,5,2,ejME9nIP
231,295,27.04.2022,7,1,0d77OI0nxoE
232,225,23.04.2022,5,5,J4AgdAUPmh
233,175,09.04.2022,9,3,2ALpBMHm
234,307,29.04.2022,1,4,amoFQZJ
235,146,25.04.2022,3,7,QE3NkyvGoUwl
236,310,28.04.2022,10,5,8Q039xIY3
237,71,17.04.2022,7,6,4dgZfFei
238,84,02.04.2022,3,4,rpjUrqTl
239,112,23.04.2022,5,2,DmjcwKA
240,438,15.04.2022,5,5,o6GR3mkJd6
241,431,28.04.2022,4,7,qAHWUhNKJUz
242,225,17.04.2022,5,1,YEEN6Bgc6eCQ
243,291,07.04.2022,6,3,VseNyqB3
244,450,27.04.2022,2,1,IHjFfPe2t
245,325,18.04.2022,10,4,YePL9CKFp
246,35,08.04.2022,10,5,frXmjK
247,116,14.04.2022,10,7,eb3fKPqQd
248,20,25.04.2022,8,7,JmiTO5nUKxDZ
249,364,13.04.2022,6,6,JjtBruR2BYn8
250,146,05.04.2022,4,3,7fJdxjDgCqE
251,86,08.04.2022,6,7,Yndiolyie
252,344,02.04.2022,8,2,qJ1lD9Zuip6n
253,335,15.04.2022,6,7,VOxj0mKKUL
254,129,03.04.2022,4,1,iaGInKt
255,392,13.04.2022,7,1,f7XZ698MbB7k
256,302,24.04.2022,4,7,QvoHvBujjdS
257,81,15.04.2022,3,1,UNW4ZYOGxPB
258,346,06.04.2022,7,6,Hsm0iMjYEx
259,369,13.04.2022,5,6,tEWIqnGYN9
260,401,04.04.2022,2,4,HJaHs8
261,144,11.04.2022,5,2,BJfQRUU9vEmQ
262,100,09.04.2022,1,1,6NVU0RUZ8cSu
263,102,05.04.2022,9,7,Z92aga
264,281,25.04.2022,10,6,3KGKtnAuLs
265,400,11.04.2022,3,1,zisPyv
266,73,28.04.2022,9,1,qo06AEPNOub
267,444,12.04.2022,5,1,BHlQxiDNWm0y
268,106,26.04.2022,8,3,O1XOSp
269,500,07.04.2022,6,5,YkIElPMQ
270,210,08.04.2022,1,3,SznyUDPwtB
271,165,07.04.2022,10,7,yO8cx9mCohn
272,483,29.04.2022,3,2,SIDqui4n20lF
273,249,23.04.2022,1,3,ZvusZaQmq
274,487,25.04.2022,4,1,2x5vtgc
275,6,15.04.2022,2,6,3p0GTW0y
276,217,25.04.2022,9,7,mobWfP
277,410,06.04.2022,8,7,Gky9kd6O5xI
278,425,18.04.2022,10,4,CD5Gebq
279,466,12.04.2022,1,5,QW9Wxkug6Eub
280,132,07.04.2022,3,5,7pORUA9QX
281,337,11.04.2022,5,3,WaLLYtbLhUy
282,316,21.04.2022,5,3,2ntgr3
283,53,11.04.2022,3,2,Lp6sZOpf
284,370,05.04.2022,8,2,btSP20C
285,151,05.04.2022,2,6,lBNJrpu
286,484,04.04.2022,4,6,BngJLgHfopg
287,438,26.04.2022,10,5,dZsmbdQo0TJe
288,484,12.04.2022,2,2,JnigpzSK
289,354,22.04.2022,9,3,0FomUtW
290,460,04.04.2022,3,4,gGHfEXaEoVmN
291,359,17.04.2022,3,2,NcBTTqbMG
292,90,17.04.2022,4,5,lRUWltpY
293,344,05.04.2022,3,1,XLW5BpBEhiAn
294,183,16.04.2022,3,5,obuJ75
295,418,28.04.2022,3,5,9fR2st
296,327,13.04.2022,10,2,w6tINftf7GmP
297,402,19.04.2022,8,4,EE5elIP
298,329,13.04.2022,9,7,Lr6vfngCiEbp
299,8,20.04.2022,4,5,3fnkXEledPr2
300,227,06.04.2022,7,3,4P3LxwcowJ
301,21,04.04.2022,7,2,N4pcKHUa
302,239,19.04.2022,4,2,jpKc6IUzW5
303,94,21.04.2022,4,1,O56uYqacr9po
304,372,19.04.2022,10,4,l5tMgCHZGgpP
305,495,23.04.2022,8,6,rQphZR2pWa
306,205,14.04.2022,9,7,gSeHNk5ozF
307,362,26.04.2022,10,2,IaWU4blDJ
308,145,13.04.2022,9,4,3rknBuA6ZsD9
309,115,25.04.2022,6,2,l63g4Dao
310,487,18.04.2022,1,2,1Ni4BKuj
311,47,22.04.2022,9,2,mcsJ7V05Wb
312,24,26.04.2022,9,5,501cLxwIar
313,152,23.04.2022,3,6,n2fWn2ib
314,482,07.04.2022,3,1,L59Lae
315,65,12.04.2022,9,7,fXbRMRXYDG
316,304,27.04.2022,10,6,WubaZA0kx
317,225,18.04.2022,3,4,yaY1tK1zil1M
318,379,11.04.2022,1,5,asE3veQfmKg
319,359,12.04.2022,4,1,fcWiI5
320,396,20.04.2022,4,3,9rfBTUpIJ
321,381,11.04.2022,10,3,gUJOZPI
322,95,16.04.2022,2,4,BDfyphmD
323,68,25.04.2022,5,1,cvSqIrX
324,244,12.04.2022,7,7,w38Z6d1Zle
325,441,19.04.2022,2,4,ccWOV0p
326,247,24.04.2022,4,1,oETuzrlJ0RYF
327,73,22.04.2022,9,2,cTQHsyR
328,288,21.04.2022,6,6,cIbgFjFpMTk
329,274,23.04.2022,7,2,NXsyAcg
330,301,24.04.2022,10,6,H99QVQQI
331,408,02.04.2022,7,6,LxJbdNbvHMf
332,284,28.04.2022,8,4,iDeGk3S
333,188,12.04.2022,4,5,GuDNlSC3sc8
334,256,23.04.2022,10,4,jEZpMnp7FEQw
335,428,14.04.2022,8,2,uH9q0RgbS4Lt
336,374,19.04.2022,1,3,vVYjs8DHVK
337,371,17.04.2022,7,7,54KRTeF
338,121,02.04.2022,3,4,4iyPOVRra
339,55,29.04.2022,7,1,gq531a
340,162,03.04.2022,1,7,cOPP6Pk5
341,188,10.04.2022,9,4,F1I4yz
342,336,19.04.2022,10,7,MeWcNlBgmb
343,474,27.04.2022,5,3,6NDhyXtIh
344,380,18.04.2022,5,7,edzDgU9KPFt
345,174,18.04.2022,5,2,ouMqMZqn
346,225,17.04.2022,6,4,ZxyBvY
347,98,17.04.2022,5,5,rpq5TYHqci
348,134,19.04.2022,9,4,1C10fFf
349,495,14.04.2022,8,4,3FJfSjz7AoO
350,338,02.04.2022,5,7,wY51HC
351,190,07.04.2022,3,4,4bFxkbNCV7Z
352,125,19.04.2022,4,5,tJb8N1y1l3
353,166,22.04.2022,3,7,yu1QXi
354,356,21.04.2022,3,5,3Ke5Zcf
355,425,03.04.2022,6,7,jMeDBxLq
356,346,06.04.2022,5,5,9vmtFqx1MNVx
357,5,22.04.2022,5,7,lENNKCY
358,85,09.04.2022,4,2,mMgSSkVAP
359,144,28.04.2022,1,2,Ld15orVRY
360,315,17.04.2022,1,6,1WyieXkIxBt
361,168,04.04.2022,1,1,1dN36smR
362,111,11.04.2022,5,7,BOyl3jq6YrL
363,330,17.04.2022,5,7,B5vOoNR
364,16,24.04.2022,2,4,RdORGE0g
365,468,07.04.2022,2,7,VAopw72
366,288,16.04.2022,6,2,oVH7So
367,390,23.04.2022,10,7,BRIy25hC
368,256,15.04.2022,1,5,xKwEnanL
369,227,15.04.2022,10,5,c3b9kFq
370,331,24.04.2022,6,3,vg1XQVm
371,241,09.04.2022,6,4,tkik647TUlU
372,359,20.04.2022,10,7,ZwT60YgsQrG7
373,210,06.04.2022,4,5,gcSHUwzmIG1
374,124,29.04.2022,6,4,BVQUHhMrEEYN
375,312,27.04.2022,6,2,CVFgtL
376,89,15.04.2022,1,1,YQnp88uIF
377,186,10.04.2022,9,5,32OLabKsW
378,248,02.04.2022,1,1,o5Lu7W
379,167,17.04.2022,7,4,HtUw3SHL7QO
380,309,15.04.2022,7,2,R5w9Sr
381,264,01.04.2022,7,2,6ZBynMip
382,166,08.04.2022,8,2,YpdFG8u
383,222,07.04.2022,9,1,GQ3G81
384,419,18.04.2022,6,4,CxreqU1
385,3,11.04.2022,5,5,8fFN4llvW
386,326,12.04.2022,2,2,XoyAU77mf
387,27,22.04.2022,1,6,4Ea68ErpdG
388,476,25.04.2022,8,4,eQ2bRrmeHbX9
389,121,20.04.2022,5,3,Olff9skIeFFm
390,375,11.04.2022,5,5,Sz0VLCOEtzUS
391,394,11.04.2022,2,3,mEUKsfyI
392,53,05.04.2022,8,1,MhzmD4OkHdH1
393,249,12.04.2022,5,1,pfghcztt
394,256,23.04.2022,6,7,avYtzUMkn
395,444,02.04.2022,7,5,LIvqbzpWd
396,183,21.04.2022,4,1,TjCpLM
397,66,13.04.2022,9,1,DIvMAlkfIn
398,478,23.04.2022,2,6,9Nsayz5
399,309,20.04.2022,3,1,HYlXTz
400,474,27.04.2022,6,1,LHxZZTM7bzQ
401,383,26.04.2022,2,6,CW8jCB5pcIn
402,31,03.04.2022,4,7,Ve77lPyBY6ig
403,26,14.04.2022,2,6,11xN0C5S5fGa
404,461,16.04.2022,5,3,XZK7KDY
405,281,23.04.2022,10,4,V92vUMc
406,366,18.04.2022,8,4,srxoT68I3Irh
407,54,17.04.2022,3,3,ZKRynh3PXpX
408,165,29.04.2022,5,3,NBeHzqk3CBY
409,478,12.04.2022,6,2,SOIXmuADnABV
410,131,05.04.2022,5,1,CD7nEFAwST
411,488,09.04.2022,1,7,KcnVw2m289Oe
412,171,03.04.2022,3,4,yEN0j06nIOGs
413,261,22.04.2022,10,6,tdrLjiscQ
414,71,12.04.2022,9,5,646Kg3XMh9
415,74,16.04.2022,8,5,of5fuvFUPoLF
416,421,09.04.2022,7,5,qMQufh4dbYy0
417,357,08.04.2022,4,5,01tUR6d
418,235,06.04.2022,5,6,dlQMPgr
419,88,17.04.2022,7,3,TVdxJaOFRd5b
420,36,17.04.2022,7,1,mo5sQaGpyDb
421,107,16.04.2022,8,5,U07ZE2BbMb0I
422,141,28.04.2022,4,3,iurgRQ
423,271,13.04.2022,5,3,iMIiAr6
424,291,06.04.2022,4,3,eEvXWSW0yn
425,120,16.04.2022,3,4,qddoUXd6
426,101,09.04.2022,1,1,zDZkR8o7B
427,386,16.04.2022,1,6,4sqD4ft
428,461,23.04.2022,9,7,BBpOQtWu6QSn
429,24,11.04.2022,4,5,Kb26R1Fz1IoU
430,187,29.04.2022,9,7,s2HCck
431,163,10.04.2022,8,6,ONZW3p
432,292,28.04.2022,1,2,iAGv0a9vjn
433,400,29.04.2022,7,3,HI8MTXUHiWi
434,427,15.04.2022,7,4,6zRe3pDdWzXU
435,420,26.04.2022,9,1,IxUVy4EV
436,17,24.04.2022,6,7,Q12U8F
437,396,24.04.2022,1,4,UaavLAy
438,368,09.04.2022,9,6,6MCNCQnrj
439,350,27.04.2022,2,1,b1FMnYzjYG
440,120,19.04.2022,1,3,ke9rERk
441,26,04.04.2022,1,2,zfvNFc
442,155,08.04.2022,6,6,bqKx9ixT
443,391,03.04.2022,9,3,CEqWTBA65msk
444,313,24.04.2022,6,7,FHGPWzP
445,7,12.04.2022,7,5,EsLDcWC9yYx
446,440,10.04.2022,3,4,4Phta8eN
447,462,17.04.2022,1,7,ehlpSVA
448,466,12.04.2022,7,4,jqDNYYnwuHJk
449,145,04.04.2022,6,2,OEq8PU
450,102,22.04.2022,9,4,0vJx2w
451,169,26.04.2022,8,7,BD4YvNe
452,405,16.04.2022,3,1,34CyXt68tNVS
453,458,08.04.2022,3,5,WixAkNd7jqI
454,209,23.04.2022,1,5,Yrf8IV0vA
455,175,16.04.2022,1,7,pt5pFzW4
456,30,15.04.2022,10,5,BxqySPEP5ZBM
457,410,25.04.2022,8,1,pLol7mw
458,340,28.04.2022,1,1,tner8M
459,416,17.04.2022,9,4,VwvsUPm9k4Z
460,278,29.04.2022,9,3,YlO9xgGics
461,128,11.04.2022,3,7,hRSbiW0hN
462,167,21.04.2022,8,4,cu0tQ82uxt
463,371,04.04.2022,8,6,9abK8LivYqP
464,499,08.04.2022,9,7,DSEt2PJbhTiA
465,169,24.04.2022,8,4,UrUacoVz
466,239,02.04.2022,3,2,QqdlDjVvBM
467,244,25.04.2022,3,6,uXzWOUuA
468,205,21.04.2022,7,2,8zYfCXBLad
469,21,02.04.2022,7,7,PIyYt20
470,488,20.04.2022,8,4,SEu0BzREA7
471,84,26.04.2022,6,3,hkRdXmh
472,322,06.04.2022,9,5,Ibud03wNz1
473,172,22.04.2022,4,6,NUpUii
474,191,15.04.2022,8,7,IUcT8tkzyP
475,209,24.04.2022,7,7,In1wz6NP
476,178,22.04.2022,6,5,meqBxobb
477,44,06.04.2022,4,2,SDCvAk8
478,76,06.04.2022,6,4,syWWdUL
479,151,24.04.2022,2,2,DfqOIwtAu
480,155,01.04.2022,6,1,8rpM6j
481,306,28.04.2022,4,2,3989wdh
482,413,26.04.2022,4,1,R5pCInR3lk
483,77,06.04.2022,8,7,JTRpjN8z
484,342,28.04.2022,10,5,C8rAEn3tk
485,470,05.04.2022,9,5,Zyxb6HKnvDO
486,109,02.04.2022,10,5,XUZ8DjOT
487,24,11.04.2022,10,4,BRrRIkhJS
488,226,19.04.2022,3,1,5gIlmTzG7X3
489,449,10.04.2022,8,5,NNWVKdP49
490,434,17.04.2022,6,7,zPizloT5Y
491,53,22.04.2022,9,6,aDwomZOxI8
492,27,08.04.2022,8,7,5gTptMj4
493,240,09.04.2022,5,3,dMnPNs
494,157,11.04.2022,5,4,l5dGmLkr
495,385,18.04.2022,8,6,hscDYZgd
496,219,05.04.2022,8,6,t2MC6tlk
497,27,06.04.2022,8,7,Tdv14e
498,48,17.04.2022,4,1,uiGBKIjHb
499,266,29.04.2022,7,7,Ag1TGY8X7hs9
500,36,20.04.2022,5,7,Gq6Jobsur9Oy
501,41,03.04.2022,1,7,8pck7Jaf
502,170,23.04.2022,2,7,TRQgRB3xMNsz
503,215,12.04.2022,9,5,1juKtnstGgi
504,194,21.04.2022,4,7,LOdacci2v7l
505,412,17.04.2022,1,5,8OdLP61cQCo
506,214,28.04.2022,7,7,uRb16V
507,38,29.04.2022,2,5,tZfQuuaQ4cdE
508,455,11.04.2022,6,1,dCkJMCDa1
509,167,11.04.2022,7,2,QBqA4e
510,455,23.04.2022,5,1,sSp2x5YUql1
511,353,26.04.2022,6,6,3UBiFgI
512,299,19.04.2022,10,7,KRr06CbMnPBN
513,159,25.04.2022,10,4,drh4P3HG
514,314,03.04.2022,9,1,bgEBhv2
515,23,05.04.2022,5,4,RpMk8bICR5
516,470,01.04.2022,9,3,suzVb2Dxv3Q3
517,312,22.04.2022,4,4,ADLa9MA
518,483,12.04.2022,4,5,4LBnJ6VBV
519,439,27.04.2022,9,4,8ks35y6An
520,213,19.04.2022,10,3,31MZP37U358
521,114,23.04.2022,2,7,mhW9Uh
522,207,05.04.2022,5,3,rrHTljdpVVJs
523,275,02.04.2022,1,6,4SMWfvx
524,371,28.04.2022,2,4,zXdHIfWh3Q
525,251,25.04.2022,3,1,K4eiueASw
526,136,08.04.2022,10,2,seezCRLxu
527,65,07.04.2022,7,6,qW2K3AVxpbot
528,346,18.04.2022,7,2,bo2ILYUcs
529,471,14.04.2022,3,1,l3C1eu9b4
530,399,13.04.2022,1,5,2biz8al
531,347,07.04.2022,1,1,Sr5KOSm
532,154,25.04.2022,5,1,eA2l9Z2
533,90,26.04.2022,1,5,ZdLzabuOp
534,81,25.04.2022,2,4,Rp0seQPhmD
535,95,24.04.2022,1,4,TVgIDG7sMs
536,499,26.04.2022,4,5,iU6IjTuzV
537,391,22.04.2022,9,4,WD8WiMLwm
538,205,26.04.2022,5,4,MsuWthBWj
539,30,18.04.2022,3,7,Nra1vzBKHOy5
540,43,07.04.2022,6,3,qxKvDJdT
541,460,17.04.2022,5,6,pxgmBNq
542,41,03.04.2022,5,6,j2xw7D2XU9
543,181,09.04.2022,8,3,qWh1pR1GOSU
544,318,13.04.2022,7,7,ONSQJjvr
545,68,11.04.2022,2,2,SY9GSf
546,479,23.04.2022,8,2,exSjy4xARU
547,211,08.04.2022,4,2,j6k4GtXRj5KM
548,93,11.04.2022,6,5,mSC65U9
549,372,23.04.2022,5,5,o3SSY85Y81h
550,357,24.04.2022,7,1,9rAqsoIs
551,344,20.04.2022,5,2,2KPLIIFkRN
552,26,05.04.2022,7,2,LkfEsXOx
553,162,20.04.2022,5,1,xPlWOWP3Ign
554,157,18.04.2022,5,6,vbi56NK
555,449,04.04.2022,2,6,hylj59
556,47,23.04.2022,6,4,nMs47EhSNrz
557,438,21.04.2022,4,7,sEBwxooOlzy
558,360,27.04.2022,5,4,MOuCOvA9IZG
559,82,18.04.2022,7,5,rAQ1b4
560,117,19.04.2022,5,7,DNt1fbL
561,127,19.04.2022,2,3,3QaCh47fc
562,158,12.04.2022,10,3,KFQggcRSX
563,130,15.04.2022,1,7,vC6ZDdRA
564,299,21.04.2022,7,1,5aNSKpo
565,87,15.04.2022,1,1,auoVSeZ
566,263,17.04.2022,10,3,kuwymJky
567,315,19.04.2022,9,6,am4sIAk2qi
568,206,04.04.2022,2,2,UkW1HRBnCQL
569,261,06.04.2022,8,2,wKXeaJJj
570,229,29.04.2022,9,3,ihAHHMQk
571,489,08.04.2022,1,5,X0adDeSZe
572,147,20.04.2022,4,3,LUNXuvhB
573,371,17.04.2022,2,7,xrmeyB
574,86,18.04.2022,2,3,9Zek2IDz6l
575,402,10.04.2022,10,4,bBe6goUtOV
576,327,28.04.2022,6,2,cZA0ebsP
577,206,16.04.2022,4,7,u8qaH9u8m
578,298,08.04.2022,2,1,vCBhefna2w
579,152,03.04.2022,2,3,vD6YEtAWwJX
580,203,18.04.2022,3,2,edclredpHAYU
581,94,26.04.2022,5,6,LDNNBhaDg
582,238,19.04.2022,9,7,NDo4ed
583,40,09.04.2022,3,1,GBlZHI
584,68,21.04.2022,5,2,rINjdBY5
585,365,06.04.2022,10,3,R68SnamKt0U
586,118,04.04.2022,8,1,l1eWOKHQ
587,435,13.04.2022,8,7,MwowIW8Gx15B
588,416,13.04.2022,8,1,qYaiVs
589,31,03.04.2022,6,2,07WqKesjQGM9
590,385,03.04.2022,1,4,HzWQJL8MbB4
591,176,13.04.2022,1,6,JhGiv7FaIt
592,132,13.04.2022,7,2,NAam9G1
593,15,10.04.2022,10,3,9SZtoXo8A0Db
594,243,16.04.2022,3,4,mt7Fw9
595,361,12.04.2022,4,5,Ao1XqRu91w2
596,169,23.04.2022,5,1,Ow7vfuCusR
597,275,04.04.2022,9,4,un4jllUcs
598,427,14.04.2022,9,5,YgOsEY0sQ2W1
599,42,05.04.2022,9,6,YfaX3zG
600,197,17.04.2022,4,5,Tah5Wdy02i1w
601,489,16.04.2022,3,1,uHnusRg3O
602,351,14.04.2022,2,3,jD3bR2oO
603,83,18.04.2022,2,7,fWm0KP4PXD
604,400,27.04.2022,4,2,awWZmA
605,173,01.04.2022,1,4,6R8jDgj
606,219,26.04.2022,2,7,rIRvdkIUv
607,58,06.04.2022,8,5,8eHoOqxkr8f3
608,403,12.04.2022,4,7,YuoaL5RI4P6
609,416,02.04.2022,1,3,BJpMFxz6g
610,224,24.04.2022,2,7,FdhW4gR
611,496,23.04.2022,7,1,wIJ2TOb8
612,228,10.04.2022,4,4,qqRuWq
613,462,10.04.2022,2,5,msVWD2TVehGe
614,321,22.04.2022,3,7,SOzCYmDGTgg
615,223,22.04.2022,6,1,7yfu86C
616,210,11.04.2022,5,6,XFaQP86bSZA4
617,75,16.04.2022,7,4,dcpUBJa
618,238,12.04.2022,4,5,Ry3ebMiE
619,21,29.04.2022,5,6,gRccN7
620,426,28.04.2022,8,5,4qs7v0ABD3xr
621,424,24.04.2022,5,7,qsjRlV
622,402,28.04.2022,7,2,CfYRHKtNBGS4
623,274,03.04.2022,7,2,PHyN4DK
624,464,02.04.2022,6,2,JvJLWFHHF
625,8,06.04.2022,9,7,rEbg9NpquZ
626,188,21.04.2022,1,7,htoyTfF
627,135,12.04.2022,5,2,6FU5jIkC71yn
628,422,16.04.2022,8,6,7V6sR1G
629,117,11.04.2022,3,2,HteMADs1c
630,36,22.04.2022,4,2,vGnuwBkE
631,243,25.04.2022,7,2,J5yPfPx8eW
632,391,11.04.2022,6,7,dLvPr6Ayy5
633,228,22.04.2022,5,4,lRHAvG
634,90,23.04.2022,1,1,XCe1nB5CDqK
635,262,22.04.2022,10,4,7FB01Y3xD74t
636,50,13.04.2022,5,7,IuZwhBda
637,247,21.04.2022,5,2,OavwXV0
638,118,01.04.2022,3,5,EKRsjUK4
639,18,07.04.2022,8,5,wbPXfWttoK
640,15,08.04.2022,7,4,o0vosojMr8Q
641,485,17.04.2022,10,2,WArpfTG7TaB
642,440,11.04.2022,3,2,Bg05UptsDX
643,288,24.04.2022,9,5,CHPJpaUgIr0
644,295,21.04.2022,4,5,XImwuz
645,79,27.04.2022,4,2,6dUJBCcNv7
646,424,06.04.2022,5,1,AtPwl3b5k
647,459,18.04.2022,3,5,SuWkHFLy
648,27,09.04.2022,2,4,qY2sdCn
649,275,09.04.2022,8,4,iV1J6b
650,324,22.04.2022,4,3,I3j218Auf
651,197,08.04.2022,4,6,He4CJI
652,101,04.04.2022,2,7,KNx0CFB
653,51,24.04.2022,6,3,AhPOy8Fpr66d
654,66,01.04.2022,2,4,M2RyXI
655,188,20.04.2022,3,3,I8mLpm661L
656,459,26.04.2022,4,4,zfYrLHNGQqUh
657,454,22.04.2022,8,1,ZZ45I1
658,15,02.04.2022,4,5,LZKymuOLy5D
659,401,02.04.2022,10,2,jAKwX2Z1I
660,114,11.04.2022,10,7,TdVY9llg
661,76,06.04.2022,1,1,ajsyBT7zk02
662,365,26.04.2022,10,2,4IFuyj
663,460,04.04.2022,10,7,elaLpVqViBRV
664,170,26.04.2022,9,6,0wHfcTF
665,441,21.04.2022,8,6,FXB2afM
666,141,23.04.2022,5,4,Id9SJNL8Leu
667,495,01.04.2022,3,2,u84YlfsEg
668,78,10.04.2022,8,1,McAvtN
669,388,08.04.2022,7,1,8B3OjYDH9
670,440,26.04.2022,8,4,c1eVPE92OT
671,267,13.04.2022,8,2,9ssdB06kbaX
672,256,12.04.2022,2,2,GATdrZ
673,193,10.04.2022,8,6,b9twYKSN
674,170,24.04.2022,9,3,aU99VC
675,162,20.04.2022,6,6,y6HKNH
676,355,29.04.2022,3,7,mPVrHwHyt
677,446,02.04.2022,8,2,QlYvIF3Xk
678,426,25.04.2022,8,5,FI1Fpxn9N
679,164,15.04.2022,1,4,AOQz1LgwbC
680,282,13.04.2022,8,6,hmBIahE5
681,86,17.04.2022,4,7,ngH1kN6RO0v
682,342,20.04.2022,5,1,SvVUoXP
683,462,16.04.2022,5,4,jlmx3Nwy8ay
684,253,18.04.2022,7,6,EDVxssTrlp
685,160,27.04.2022,2,1,u8F8QkZL7gSz
686,366,14.04.2022,1,7,ZjI5YrZFUM
687,52,11.04.2022,6,3,6r0Ziq
688,253,23.04.2022,8,3,1Gcb1BOjG
689,350,02.04.2022,2,4,tGYvksS0C
690,288,06.04.2022,8,1,zsvvJRWe
691,234,05.04.2022,1,4,u2vrvM
692,394,15.04.2022,3,6,SlM8m3SL
693,153,07.04.2022,9,4,Umg7hjIGQ
694,190,22.04.2022,3,3,NCGy2ILD
695,488,26.04.2022,3,6,eegGVSx
696,89,28.04.2022,4,3,eWtrDwCy6Uhf
697,11,09.04.2022,7,2,eeUmwU2CM2yw
698,82,09.04.2022,3,5,Touaey
699,318,14.04.2022,6,3,4hdfG0
700,402,25.04.2022,3,2,vDq8Hqqp4
701,349,12.04.2022,8,3,KGvzJr0R7Xb
702,373,20.04.2022,7,2,OvgP6VP
703,480,23.04.2022,4,4,vnph5a
704,156,18.04.2022,2,5,djSPcthVknk
705,342,18.04.2022,8,7,KDg13a
706,224,26.04.2022,3,3,IppZWK
707,317,17.04.2022,8,7,1yZpb96kc
708,352,16.04.2022,4,1,Mn13xEKdwF8Q
709,79,19.04.2022,2,4,256bCp9wD
710,120,16.04.2022,8,2,M9KhZ6
711,211,10.04.2022,7,1,hbKKja
712,344,10.04.2022,6,6,BxaP7uX
713,474,14.04.2022,1,3,JBCWkwfmxQPW
714,68,26.04.2022,10,4,Z4BdxsYbMI7
715,276,09.04.2022,1,5,990pvcgl
716,224,02.04.2022,8,6,NndDdYCrGfkJ
717,249,02.04.2022,8,3,YVN7ETODYlM2
718,3,07.04.2022,3,4,w2XWAZ
719,63,28.04.2022,8,5,VyXGp8PMGiB
720,273,08.04.2022,5,4,Mkqs4kslAZA
721,169,24.04.2022,6,2,I17zWVTa
722,3,24.04.2022,1,4,YISos6yMzGS
723,30,07.04.2022,1,1,hmV1Se8AGqi
724,399,12.04.2022,6,3,Tu1zsW
725,177,12.04.2022,10,2,NKDJH3Gzr
726,415,09.04.2022,2,7,jmyL1w3V
727,211,06.04.2022,6,4,LHj9KNR4CI
728,372,05.04.2022,3,6,AajTKV
729,343,04.04.2022,1,2,RR1pXVt9T
730,263,25.04.2022,2,2,QdcJCmdDeup
731,105,11.04.2022,8,6,rhMW1IGc4iPK
732,28,13.04.2022,10,2,ce4zjmo5t
733,86,26.04.2022,4,7,6t8BxuXoj7O
734,211,10.04.2022,8,4,SF6fcfBVQhU
735,419,20.04.2022,10,1,EUkeVsgr
736,411,09.04.2022,10,5,mealLCw
737,265,26.04.2022,7,7,GTrSP1u
738,52,11.04.2022,10,4,kwOSfMFo6
739,449,05.04.2022,2,5,43nhVYt8y1
740,250,17.04.2022,2,2,zc3oLwS51
741,107,20.04.2022,4,6,FtfseazGZa
742,96,25.04.2022,7,1,GCWvqc
743,417,11.04.2022,5,6,ZxxiS40O
744,26,06.04.2022,3,3,CrgIJB
745,132,18.04.2022,3,5,9IGeynMRb2J
746,131,13.04.2022,7,5,r3IZONCtFz
747,403,19.04.2022,6,4,H614QqHmna
748,286,14.04.2022,4,4,JlgjEfmiHh
749,431,10.04.2022,8,3,58jE20cP
750,99,15.04.2022,1,7,wLZHOUx4An
751,372,09.04.2022,3,7,wWUciklJE
752,328,19.04.2022,6,6,I3Jy2UKt
753,273,14.04.2022,1,6,xdtEKPWfsq
754,258,09.04.2022,3,1,ZZZwNa
755,365,14.04.2022,2,5,IqQJBBDLGmY
756,20,21.04.2022,8,3,sn0fwJaqQpg
757,214,28.04.2022,5,5,2SkZsemav
758,63,01.04.2022,10,5,SawWr58W46UO
759,74,11.04.2022,6,2,GT1JkhWwrd
760,366,23.04.2022,4,1,6agO4Vekixao
761,440,28.04.2022,5,3,VeK5DJX
762,19,16.04.2022,5,3,noT86yGuz
763,72,01.04.2022,6,7,e6cI6VjeTdV
764,320,12.04.2022,6,7,lbvpGX
765,430,12.04.2022,9,5,gMzJXrdKjqG6
766,321,27.04.2022,10,5,PEQqyosmMayG
767,129,22.04.2022,1,6,lkuEHj
768,148,23.04.2022,1,3,3Ti2DavHdV
769,266,25.04.2022,2,3,O0Ag1brY
770,349,16.04.2022,2,6,nuEJHgXkMz
771,89,09.04.2022,2,7,AEtaYX
772,243,24.04.2022,1,2,0hym3KnN7
773,411,12.04.2022,1,5,FZ2mfLGR
774,145,25.04.2022,2,7,fVAGOl
775,427,25.04.2022,9,6,1o3XolDgRKc1
776,282,03.04.2022,5,1,BCTZyYan
777,335,24.04.2022,9,5,TFIjZm
778,465,16.04.2022,7,4,sO5egbOBvk4H
779,264,19.04.2022,4,7,1oeqJfQyEY3
780,410,12.04.2022,3,6,Y5gW8V8
781,159,17.04.2022,5,4,xTpZjtkEKCf
782,190,03.04.2022,5,2,Fy5da9a
783,305,02.04.2022,7,5,PP7NTc
784,299,27.04.2022,8,7,k1p7iJHvh
785,438,21.04.2022,10,4,695V7K4BZR
786,53,10.04.2022,10,5,bdimQju
787,249,08.04.2022,3,7,TiOAouuav1
788,373,15.04.2022,1,3,ojhnvX4h9
789,171,22.04.2022,9,3,SHXOYbSr
790,265,16.04.2022,9,3,aBGwYwB
791,52,18.04.2022,3,3,chCjytza
792,244,10.04.2022,6,5,lLAG4wFb
793,405,19.04.2022,4,2,vW0xSvS
794,482,18.04.2022,2,2,7YEi6G2jCr
795,10,18.04.2022,6,6,4xjEPd
796,271,22.04.2022,10,5,zJtzKspX8T8
797,109,16.04.2022,8,4,DO7trXk
798,295,06.04.2022,3,6,csw2YAvNUQ9L
799,44,05.04.2022,6,3,3YHwI4FVmbzf
800,379,20.04.2022,10,5,YVoL3sf4TKN
801,322,16.04.2022,6,2,6rXECRuv
802,433,24.04.2022,2,5,Ay8KngD
803,354,22.04.2022,1,1,0dxY8kt73Yv
804,252,12.04.2022,6,2,kgtpyqfoD04
805,2,09.04.2022,8,3,HzPE1v4V4j7X
806,239,17.04.2022,9,1,k0rKvJP
807,257,23.04.2022,9,1,7hEqHxXyx
808,423,28.04.2022,3,2,wWtMZYPSeAS
809,473,20.04.2022,5,4,4QtZ3u
810,58,17.04.2022,8,2,M3BQ4tRTPv6
811,285,28.04.2022,9,4,omNOLZlKvHP
812,320,06.04.2022,8,7,oLCdx0VNube
813,104,04.04.2022,6,5,X59Ab0fqu3
814,407,01.04.2022,3,1,dxlzIs
815,127,25.04.2022,3,7,vjZv3cnrs
816,79,26.04.2022,6,2,wz0frUlq
817,158,23.04.2022,1,3,ibC1LKT5c
818,23,18.04.2022,4,1,oIdfmf3F
819,51,20.04.2022,9,6,XShAAB7PH
820,15,14.04.2022,10,3,eYSGG6jiMaqD
821,495,05.04.2022,7,1,vvKDpKJWNz
822,61,22.04.2022,8,1,geQnzl5
823,294,01.04.2022,3,4,ndD7fUea
824,408,24.04.2022,9,1,GjjU03D
825,409,23.04.2022,4,4,jlC2QTXIq3p4
826,317,01.04.2022,6,4,KQMJHk2Vl
827,308,05.04.2022,7,4,ScQEma
828,477,14.04.2022,10,3,OygtNE3Q
829,184,27.04.2022,7,5,V1SscsAn
830,312,06.04.2022,10,4,gDkSAxZnYl
831,266,18.04.2022,2,6,yQNlJpma
832,426,15.04.2022,5,3,bKIWbKSE
833,165,17.04.2022,9,5,ZDEOLZRt0UeP
834,61,03.04.2022,9,7,ttSOWiS6mP
835,67,23.04.2022,4,7,8EfTmqfjFeUn
836,4,04.04.2022,2,4,JEJToHr0NSY
837,38,18.04.2022,6,3,T75kEf1k2G3
838,80,21.04.2022,8,6,AnoNOP
839,61,16.04.2022,1,7,59ZlQM
840,200,09.04.2022,9,5,8tT3IG
841,156,16.04.2022,1,7,f33dTTSyupX
842,466,22.04.2022,10,5,toXjUoJNZZUj
843,200,06.04.2022,7,6,lnkZw3
844,233,27.04.2022,7,6,rZetRd
845,472,28.04.2022,4,3,YhwEo9HMd8f
846,145,20.04.2022,9,3,NyIBOumhwbz
847,92,27.04.2022,1,3,nktokXn
848,223,01.04.2022,5,6,iFKhHnrpE
849,205,24.04.2022,4,4,Pe6z0kzhk
850,471,14.04.2022,6,3,sM12uzCD
851,290,12.04.2022,2,7,JmgWKyJ4x6
852,254,19.04.2022,10,6,dFj89D
853,237,27.04.2022,7,5,iWTVthz
854,500,20.04.2022,7,6,i8LJBWrTlzsI
855,191,06.04.2022,4,7,4xYQiBu1p
856,469,21.04.2022,5,2,FRLcT5Fkz10
857,185,23.04.2022,3,5,jjzDehV0Yuoc
858,339,13.04.2022,1,7,HSVMSDAKSa1
859,438,19.04.2022,1,7,Mumdtw
860,96,17.04.2022,1,4,6l8QNrBO
861,300,08.04.2022,8,6,i1BrwdUXZd
862,250,19.04.2022,6,5,w7m92Fa
863,350,10.04.2022,8,1,gc8dD0x5fPDF
864,187,29.04.2022,2,1,NPcAnlu
865,309,05.04.2022,3,3,yhyyZd3Xnl
866,410,16.04.2022,1,6,pPOY0ute
867,459,16.04.2022,5,2,ncOL37OWjQ
868,56,05.04.2022,7,7,5XnFAx
869,9,05.04.2022,10,5,fdyaAEWqDUB
870,271,09.04.2022,8,7,CqOzYEN
871,179,12.04.2022,3,1,6ZM5bsk2Z
872,58,11.04.2022,9,3,oH7GYr
873,225,14.04.2022,4,5,V4t3Ivy
874,228,24.04.2022,7,5,KdQORYg0
875,80,05.04.2022,9,6,sfWZuKexS
876,480,17.04.2022,8,7,OlAIpIn
877,288,11.04.2022,3,7,E7Z2torY3t63
878,204,14.04.2022,5,2,fxsS4y
879,227,21.04.2022,7,1,KHAaUJ
880,408,20.04.2022,1,1,Su7JuoCME
881,267,18.04.2022,9,2,TZdMzyoTa
882,351,10.04.2022,7,5,1oRTIL
883,77,20.04.2022,4,5,1dDVQCYhY
884,449,29.04.2022,1,6,jGCHDWxfzxbl
885,263,04.04.2022,7,2,33F2Fjillz1
886,198,21.04.2022,10,1,qHocPF59bIO9
887,288,18.04.2022,4,6,FstlFkuE
888,490,05.04.2022,9,7,Jh3dwF
889,212,10.04.2022,9,1,tRWl2KJ
890,425,05.04.2022,8,1,ZbJSrVofn
891,438,06.04.2022,4,7,y3UNb0P0WU
892,178,01.04.2022,9,6,clzncRrepT
893,449,05.04.2022,3,7,x5UtDTneV
894,195,25.04.2022,6,3,33X8nWgEfG
895,415,22.04.2022,4,3,aCd928biFi0
896,256,06.04.2022,1,1,o0W6FannBPh
897,107,25.04.2022,4,5,lZ3uh8NaqKHl
898,479,18.04.2022,6,7,7nLSMM6KV0
899,498,26.04.2022,4,4,fvnr49Vv1B
900,318,13.04.2022,8,4,JldGSQKDKqLm
901,195,16.04.2022,5,7,1ae9nhXwOB8
902,31,12.04.2022,2,7,LyxYOULW
903,96,11.04.2022,10,7,vANsq7
904,151,28.04.2022,3,4,Oc7q5an9
905,189,07.04.2022,10,5,02g2TZF05ety
906,384,01.04.2022,7,7,33ueRsudK9
907,376,03.04.2022,3,1,4ti1RJJKY
908,62,14.04.2022,9,2,sz3D0KaHHhAz
909,194,21.04.2022,3,1,IlCvaDTNtgoU
910,460,17.04.2022,7,1,lx5D8JISlU
911,401,21.04.2022,4,5,0vfash7si0
912,187,16.04.2022,3,5,OYUf4e
913,304,11.04.2022,1,3,wdxefSlZfvt
914,79,25.04.2022,4,6,mDhbYHBxnA
915,321,04.04.2022,10,3,uIDeJU5Z
916,79,04.04.2022,10,5,B7sXYo4U
917,1,20.04.2022,10,4,pHhIRk
918,408,22.04.2022,3,3,4CeuoI
919,215,15.04.2022,10,2,RcLWGIB
920,100,18.04.2022,1,7,B2vCwMlI
921,291,20.04.2022,6,1,Ubr2rk
922,309,11.04.2022,5,1,gbZyFd
923,236,18.04.2022,6,4,zUlyZ09m
924,235,09.04.2022,8,3,ZbaEGHSs2
925,143,20.04.2022,4,1,Gf0JOp
926,331,02.04.2022,9,7,PIwOVyALs
927,260,28.04.2022,9,5,w7D90V
928,209,22.04.2022,8,5,I1PFP3z
929,330,26.04.2022,1,7,GwVkdCGYVr
930,394,11.04.2022,5,1,iFY5IAIzwq
931,456,02.04.2022,7,5,rcTUIXGnKzF
932,452,06.04.2022,5,5,ce9ApBV
933,183,14.04.2022,2,5,Jx5sKdQ
934,80,18.04.2022,10,2,7n31ESo
935,58,18.04.2022,1,2,WYog5uzMkvDu
936,219,12.04.2022,9,7,mL88KWF1yVZ
937,33,08.04.2022,3,1,Jd2SGpx
938,115,11.04.2022,7,3,coHbUZD0bD
939,335,15.04.2022,4,4,VXgW8USL6zmA
940,360,26.04.2022,6,3,4eqxkQ9RGZh
941,412,13.04.2022,3,2,tNieiFAtRRTH
942,474,19.04.2022,9,7,VM1TRoT
943,81,17.04.2022,3,5,42wsdR4Nx
944,105,02.04.2022,3,1,yLRJHH7
945,194,29.04.2022,10,6,XGiJY0eToZBc
946,327,28.04.2022,10,1,zbQm03OKQDb
947,203,08.04.2022,6,6,zIpH8Y
948,392,22.04.2022,1,7,WHYnKMx
949,164,27.04.2022,5,7,hGeQ3QdL
950,145,23.04.2022,2,5,z1zy5k
951,490,07.04.2022,6,7,RHN9zmcvvD
952,2,15.04.2022,9,6,TcCUNzb
953,57,24.04.2022,8,4,bf2CUTar4yMT
954,127,28.04.2022,9,6,eyY1Hn
955,158,29.04.2022,3,1,ty0TwWBWPWx
956,498,09.04.2022,3,3,r9umnxWVWSO6
957,78,09.04.2022,1,3,UfggqYJ
958,146,04.04.2022,5,6,CNz8uZl4JMLK
959,58,10.04.2022,3,3,zlI3qg
960,272,10.04.2022,1,5,i1Goxc2EYFI
961,136,12.04.2022,2,6,eqrK8mRbQx
962,140,03.04.2022,3,2,g4GA7g5Va3gF
963,319,20.04.2022,8,5,ZOuIZFtVZe
964,256,12.04.2022,7,7,o5FUFnWI1
965,412,10.04.2022,10,3,FsoBPzt9
966,194,16.04.2022,6,6,eI4Iwaeyhrz
967,404,17.04.2022,9,4,x9bnFZT
968,14,01.04.2022,3,1,kOi2p4DE
969,256,01.04.2022,6,7,2bxJqg6R0Kb
970,14,24.04.2022,9,5,Ryyg8RTcslEf
971,228,23.04.2022,5,3,9XcWD9Icuy2
972,99,29.04.2022,8,3,eG5fnXP
973,484,06.04.2022,9,4,JTNPWyu7K
974,443,15.04.2022,1,2,4Ynt29T
975,128,27.04.2022,8,7,Gv3c3S
976,430,01.04.2022,2,7,7ZdRzG580Oq
977,62,28.04.2022,2,7,awDAOmQ
978,125,06.04.2022,7,1,2wP6SMNFB
979,72,24.04.2022,2,6,QaoCjUtPLWL
980,107,17.04.2022,8,4,UBVRgquM
981,274,19.04.2022,3,6,uIt0mi9k5D
982,182,22.04.2022,6,6,7qwl75TjFf
983,397,06.04.2022,7,2,QUQVfy183tlg
984,219,25.04.2022,6,4,zviQ121IAC
985,411,05.04.2022,8,3,3nIG3ZsGX
986,388,17.04.2022,2,7,BldN6gBLHT
987,286,20.04.2022,4,2,808NHShgBg
988,139,10.04.2022,4,3,Pf5dpExY
989,209,28.04.2022,1,1,HLFRQXps
990,28,03.04.2022,5,4,zoKvKd
991,108,01.04.2022,7,6,YxBw4KCfQw
992,487,07.04.2022,1,4,rEayfU6fiiGp
993,244,25.04.2022,4,2,YF1Gco
994,185,25.04.2022,3,6,0fN9oaONQxk
995,329,15.04.2022,10,1,oXQqSNp7sGn
996,67,23.04.2022,4,7,fBjTnnDcml
997,475,15.04.2022,1,1,MiXhvwe
998,355,03.04.2022,2,2,qIrnVCA
999,148,16.04.2022,8,1,VoKKA5Rqr
1000,159,01.04.2022,3,4,17SJLAoWU1kZ
